DB_INSTANCE_NAME;OWNER;TABLE_NAME;TAB_COMMENTS;NUM_ROWS;DUPLICATED;COLUMN_ID;COLUMN_NAME;DATA_TYPE;DATA_LENGTH;NULLABLE;DATA_SCALE;AVG_COL_LEN;NUM_DISTINCT;NUM_NULLS;DEFAULT_ON_NULL;COL_COMMENTS;CONSTRAINTS
exabdp;SGT;CAT_CONTRATO_AUDITORIA;Categoria do contrato auditoria;;N;31;ADI_NOTURNO;VARCHAR2;8;Y;;;;;NO;; (: )
exabdp;SGT;CAT_CONTRATO_AUDITORIA;Categoria do contrato auditoria;;N;16;COD_REVISAO;NUMBER;22;Y;0;;;;NO;REVTYPE; (: )
exabdp;SGT;CAT_CONTRATO_AUDITORIA;Categoria do contrato auditoria;;N;27;NUM_HORAS_JORNADA;NUMBER;22;Y;0;;;;NO;Número de horas de jornada de trabalho; (: )
exabdp;SGT;CAT_CONTRATO_AUDITORIA;Categoria do contrato auditoria;;N;4;NUM_VAGAS;NUMBER;22;Y;0;;;;NO;Número de vagas do contrato; (: )
exabdp;SGT;CAT_CONTRATO_AUDITORIA;Categoria do contrato auditoria;;N;5;NUM_VAGAS_AUTORIZADAS;NUMBER;22;Y;0;;;;NO;Número de vagas autorizadas pela a Seplag.; (: )
exabdp;SGT;CAT_CONTRATO_AUDITORIA;Categoria do contrato auditoria;;N;6;QTD_CARGO;NUMBER;22;Y;0;;;;NO;QUANTIDAD DO CARGO; (: )
exabdp;SGT;CAT_CONTRATO_AUDITORIA;Categoria do contrato auditoria;;N;3;SEQ_CAT_CATEGORIA;NUMBER;22;Y;0;;;;NO;Sequencial da tabela Categoria; (: )
exabdp;SGT;CAT_CONTRATO_AUDITORIA;Categoria do contrato auditoria;;N;26;SEQ_CATEGORIA;NUMBER;22;Y;0;;;;NO;SEQ_CATEGORIA; (: )
exabdp;SGT;CAT_CONTRATO_AUDITORIA;Categoria do contrato auditoria;;N;1;SEQ_CATEGORIA_CONTRATO;NUMBER;22;Y;0;;;;NO;Sequencial da Categoria do Contrato; (: )
exabdp;SGT;CAT_CONTRATO_AUDITORIA;Categoria do contrato auditoria;;N;2;SEQ_CONTRATO;NUMBER;22;Y;0;;;;NO;Sequencial do Contrato; (: )
exabdp;SGT;CAT_CONTRATO_AUDITORIA;Categoria do contrato auditoria;;N;15;SEQ_REVISAO;NUMBER;22;N;0;;;;NO;REV;PK_CAT_CONTRATO_AUDITORIA (PRIMARY KEY: ENABLED)- SYS_C00249447 (C: ENABLED)
exabdp;SGT;CAT_CONTRATO_AUDITORIA;Categoria do contrato auditoria;;N;14;VLR_ADICIONAL_NOTURNO;NUMBER;22;Y;2;;;;NO;VALOR DO ADICIONAL NOTURNO; (: )
exabdp;SGT;CAT_CONTRATO_AUDITORIA;Categoria do contrato auditoria;;N;35;VLR_ADICIONAL_PERICULOSIDADE;NUMBER;22;Y;2;;;;NO;Valor do Adicional de Periculosidade; (: )
exabdp;SGT;CAT_CONTRATO_AUDITORIA;Categoria do contrato auditoria;;N;9;VLR_CESTA_BASICA;NUMBER;22;Y;2;;;;NO;VALOR DA CESTA BASICA; (: )
exabdp;SGT;CAT_CONTRATO_AUDITORIA;Categoria do contrato auditoria;;N;37;VLR_CUSTO_CATEGORIA;NUMBER;22;Y;2;;;;NO;; (: )
exabdp;SGT;CAT_CONTRATO_AUDITORIA;Categoria do contrato auditoria;;N;17;VLR_DIARIA;NUMBER;22;Y;2;;;;NO;VALOR DA DIARIA; (: )
exabdp;SGT;CAT_CONTRATO_AUDITORIA;Categoria do contrato auditoria;;N;8;VLR_ENCARGOS;NUMBER;22;Y;4;;;;NO;VALOR DOS ENCARGOS; (: )
exabdp;SGT;CAT_CONTRATO_AUDITORIA;Categoria do contrato auditoria;;N;11;VLR_FARDA;NUMBER;22;Y;2;;;;NO;VALOR DA FARDA; (: )
exabdp;SGT;CAT_CONTRATO_AUDITORIA;Categoria do contrato auditoria;;N;18;VLR_HORAEXTRA_DI_DF;NUMBER;22;Y;2;;;;NO;VLR_HORAEXTRA_DI_DF; (: )
exabdp;SGT;CAT_CONTRATO_AUDITORIA;Categoria do contrato auditoria;;N;19;VLR_HORAEXTRA_DI_DU;NUMBER;22;Y;2;;;;NO;VLR_HORAEXTRA_DI_DU; (: )
exabdp;SGT;CAT_CONTRATO_AUDITORIA;Categoria do contrato auditoria;;N;20;VLR_HORAEXTRA_DSR_DF;NUMBER;22;Y;2;;;;NO;VLR_HORAEXTRA_DSR_DF; (: )
exabdp;SGT;CAT_CONTRATO_AUDITORIA;Categoria do contrato auditoria;;N;21;VLR_HORAEXTRA_DSR_DU;NUMBER;22;Y;2;;;;NO;VLR_HORAEXTRA_DSR_DU; (: )
exabdp;SGT;CAT_CONTRATO_AUDITORIA;Categoria do contrato auditoria;;N;22;VLR_HORAEXTRA_NOT_DF;NUMBER;22;Y;2;;;;NO;VLR_HORAEXTRA_NOT_DF; (: )
exabdp;SGT;CAT_CONTRATO_AUDITORIA;Categoria do contrato auditoria;;N;23;VLR_HORAEXTRA_NOT_DU;NUMBER;22;Y;2;;;;NO;VLR_HORAEXTRA_NOT_DU; (: )
exabdp;SGT;CAT_CONTRATO_AUDITORIA;Categoria do contrato auditoria;;N;32;VLR_OUTRAS_VANTAGENS;NUMBER;22;Y;2;;;;NO;; (: )
exabdp;SGT;CAT_CONTRATO_AUDITORIA;Categoria do contrato auditoria;;N;34;VLR_PERCENTUAL_RETENCAO;NUMBER;22;Y;2;;;;NO;; (: )
exabdp;SGT;CAT_CONTRATO_AUDITORIA;Categoria do contrato auditoria;;N;10;VLR_PLANO_SAUDE;NUMBER;22;Y;2;;;;NO;VALOR DO PLANO DE SAUDE; (: )
exabdp;SGT;CAT_CONTRATO_AUDITORIA;Categoria do contrato auditoria;;N;7;VLR_SALARIO;NUMBER;22;Y;2;;;;NO;VALOR DO SALARIO; (: )
exabdp;SGT;CAT_CONTRATO_AUDITORIA;Categoria do contrato auditoria;;N;24;VLR_SOBREAVISO;NUMBER;22;Y;2;;;;NO;VLR_SOBREAVISO; (: )
exabdp;SGT;CAT_CONTRATO_AUDITORIA;Categoria do contrato auditoria;;N;12;VLR_TAXA_ADMINISTRATIVA;NUMBER;22;Y;2;;;;NO;VALOR DA TAXA ADMINISTRATIVA; (: )
exabdp;SGT;CAT_CONTRATO_AUDITORIA;Categoria do contrato auditoria;;N;33;VLR_TAXASINDICAL_ADI_NOT;NUMBER;22;Y;2;;;;NO;; (: )
exabdp;SGT;CAT_CONTRATO_AUDITORIA;Categoria do contrato auditoria;;N;13;VLR_TRIBUTOS;NUMBER;22;Y;2;;;;NO;VALOR DOS TRIBUTOS; (: )
exabdp;SGT;CAT_CONTRATO_AUDITORIA;Categoria do contrato auditoria;;N;30;VLR_VALE_ALIMENTACAO_DIARIO;NUMBER;22;Y;2;;;;NO;; (: )
exabdp;SGT;CAT_CONTRATO_AUDITORIA;Categoria do contrato auditoria;;N;28;VLR_VALE_ALIMENTACAO_MENSAL;NUMBER;22;Y;2;;;;NO;; (: )
exabdp;SGT;CAT_CONTRATO_AUDITORIA;Categoria do contrato auditoria;;N;25;VLR_VALE_LANCHE;NUMBER;22;Y;2;;;;NO;VLR_VALE_LANCHE; (: )
exabdp;SGT;CAT_CONTRATO_AUDITORIA;Categoria do contrato auditoria;;N;36;VLR_VALE_TRANSPORTE_DIARIO;NUMBER;22;Y;2;;;;NO;; (: )
exabdp;SGT;CAT_CONTRATO_AUDITORIA;Categoria do contrato auditoria;;N;29;VLR_VALE_TRANSPORTE_MENSAL;NUMBER;22;Y;2;;;;NO;; (: )
exabdp;SGT;CATEGORIA;Categoria/Função;;N;3;COD_CATEGORIA;NUMBER;22;Y;0;;;;NO;Código da Categoria; (: )
exabdp;SGT;CATEGORIA;Categoria/Função;;N;2;NOM_CATEGORIA;VARCHAR2;255;Y;;;;;NO;Nome da categoria; (: )
exabdp;SGT;CATEGORIA;Categoria/Função;;N;1;SEQ_CATEGORIA;NUMBER;22;N;0;;;;NO;Sequencial da tabela Categoria;PK_CATEGORIA (PRIMARY KEY: ENABLED)- SYS_C00248606 (C: ENABLED)
exabdp;SGT;CATEGORIA_AUDITORIA;Categoria/Função;;N;5;COD_CATEGORIA;NUMBER;22;Y;0;;;;NO;Código da Categoria; (: )
exabdp;SGT;CATEGORIA_AUDITORIA;Categoria/Função;;N;4;COD_REVISAO;NUMBER;22;Y;0;;;;NO;REVTYPE; (: )
exabdp;SGT;CATEGORIA_AUDITORIA;Categoria/Função;;N;2;NOM_CATEGORIA;VARCHAR2;255;Y;;;;;NO;Nome da categoria; (: )
exabdp;SGT;CATEGORIA_AUDITORIA;Categoria/Função;;N;1;SEQ_CATEGORIA;NUMBER;22;Y;0;;;;NO;Sequencial da tabela Categoria; (: )
exabdp;SGT;CATEGORIA_AUDITORIA;Categoria/Função;;N;3;SEQ_REVISAO;NUMBER;22;N;0;;;;NO;REV;SYS_C00249354 (C: ENABLED)
exabdp;SGT;CATEGORIA_CONTRATO;Categoria do contrato;;N;30;ADI_NOTURNO;VARCHAR2;8;Y;;;;;NO;; (: )
exabdp;SGT;CATEGORIA_CONTRATO;Categoria do contrato;;N;25;NUM_HORAS_JORNADA;NUMBER;22;Y;0;;;;NO;Quantidade de horas da jornada de trabalho; (: )
exabdp;SGT;CATEGORIA_CONTRATO;Categoria do contrato;;N;4;NUM_VAGAS;NUMBER;22;N;0;;;;NO;Número de vagas do contrato;SYS_C00249443 (C: ENABLED)
exabdp;SGT;CATEGORIA_CONTRATO;Categoria do contrato;;N;5;NUM_VAGAS_AUTORIZADAS;NUMBER;22;Y;0;;;;NO;Número de vagas autorizadas pela a Seplag.; (: )
exabdp;SGT;CATEGORIA_CONTRATO;Categoria do contrato;;N;6;QTD_CARGO;NUMBER;22;Y;0;;;;NO;QUANTIDAD DO CARGO; (: )
exabdp;SGT;CATEGORIA_CONTRATO;Categoria do contrato;;N;3;SEQ_CAT_CATEGORIA;NUMBER;22;Y;0;;;;NO;Sequencial da tabela Categoria;PK_CAT_R_CAT_CON (FOREIGN KEY: ENABLED)
exabdp;SGT;CATEGORIA_CONTRATO;Categoria do contrato;;N;24;SEQ_CATEGORIA;NUMBER;22;Y;0;;;;NO;SEQ_CATEGORIA; (: )
exabdp;SGT;CATEGORIA_CONTRATO;Categoria do contrato;;N;1;SEQ_CATEGORIA_CONTRATO;NUMBER;22;N;0;;;;NO;Sequencial da Categoria do Contrato;PK_CATEGORIA_CONTRATO (PRIMARY KEY: ENABLED)- SYS_C00249442 (C: ENABLED)
exabdp;SGT;CATEGORIA_CONTRATO;Categoria do contrato;;N;2;SEQ_CONTRATO;NUMBER;22;Y;0;;;;NO;Sequencial do Contrato;FK_CON_R_CAT_CON (FOREIGN KEY: ENABLED)
exabdp;SGT;CATEGORIA_CONTRATO;Categoria do contrato;;N;14;VLR_ADICIONAL_NOTURNO;NUMBER;22;Y;2;;;;NO;VALOR DO ADICIONAL NOTURNO; (: )
exabdp;SGT;CATEGORIA_CONTRATO;Categoria do contrato;;N;34;VLR_ADICIONAL_PERICULOSIDADE;NUMBER;22;Y;2;;;;NO;; (: )
exabdp;SGT;CATEGORIA_CONTRATO;Categoria do contrato;;N;9;VLR_CESTA_BASICA;NUMBER;22;Y;2;;;;NO;VALOR DA CESTA BASICA; (: )
exabdp;SGT;CATEGORIA_CONTRATO;Categoria do contrato;;N;35;VLR_CUSTO_CATEGORIA;NUMBER;22;Y;2;;;;NO;Varlos do custo da categoria; (: )
exabdp;SGT;CATEGORIA_CONTRATO;Categoria do contrato;;N;15;VLR_DIARIA;NUMBER;22;Y;2;;;;NO;VALOR DA DIARIA; (: )
exabdp;SGT;CATEGORIA_CONTRATO;Categoria do contrato;;N;8;VLR_ENCARGOS;NUMBER;22;Y;4;;;;NO;VALOR DOS ENCARGOS; (: )
exabdp;SGT;CATEGORIA_CONTRATO;Categoria do contrato;;N;11;VLR_FARDA;NUMBER;22;Y;2;;;;NO;VALOR DA FARDA; (: )
exabdp;SGT;CATEGORIA_CONTRATO;Categoria do contrato;;N;16;VLR_HORAEXTRA_DI_DF;NUMBER;22;Y;2;;;;NO;VLR_HORAEXTRA_DI_DF; (: )
exabdp;SGT;CATEGORIA_CONTRATO;Categoria do contrato;;N;17;VLR_HORAEXTRA_DI_DU;NUMBER;22;Y;2;;;;NO;VLR_HORAEXTRA_DI_DU; (: )
exabdp;SGT;CATEGORIA_CONTRATO;Categoria do contrato;;N;18;VLR_HORAEXTRA_DSR_DF;NUMBER;22;Y;2;;;;NO;VLR_HORAEXTRA_DSR_DF; (: )
exabdp;SGT;CATEGORIA_CONTRATO;Categoria do contrato;;N;19;VLR_HORAEXTRA_DSR_DU;NUMBER;22;Y;2;;;;NO;VLR_HORAEXTRA_DSR_DU; (: )
exabdp;SGT;CATEGORIA_CONTRATO;Categoria do contrato;;N;20;VLR_HORAEXTRA_NOT_DF;NUMBER;22;Y;2;;;;NO;VLR_HORAEXTRA_NOT_DF; (: )
exabdp;SGT;CATEGORIA_CONTRATO;Categoria do contrato;;N;21;VLR_HORAEXTRA_NOT_DU;NUMBER;22;Y;2;;;;NO;VLR_HORAEXTRA_NOT_DU; (: )
exabdp;SGT;CATEGORIA_CONTRATO;Categoria do contrato;;N;31;VLR_OUTRAS_VANTAGENS;NUMBER;22;Y;2;;;;NO;; (: )
exabdp;SGT;CATEGORIA_CONTRATO;Categoria do contrato;;N;33;VLR_PERCENTUAL_RETENCAO;NUMBER;22;Y;2;;;;NO;; (: )
exabdp;SGT;CATEGORIA_CONTRATO;Categoria do contrato;;N;10;VLR_PLANO_SAUDE;NUMBER;22;Y;2;;;;NO;VALOR DO PLANO DE SAUDE; (: )
exabdp;SGT;CATEGORIA_CONTRATO;Categoria do contrato;;N;7;VLR_SALARIO;NUMBER;22;Y;2;;;;NO;VALOR DO SALARIO; (: )
exabdp;SGT;CATEGORIA_CONTRATO;Categoria do contrato;;N;22;VLR_SOBREAVISO;NUMBER;22;Y;2;;;;NO;VLR_SOBREAVISO; (: )
exabdp;SGT;CATEGORIA_CONTRATO;Categoria do contrato;;N;12;VLR_TAXA_ADMINISTRATIVA;NUMBER;22;Y;2;;;;NO;VALOR DA TAXA ADMINISTRATIVA; (: )
exabdp;SGT;CATEGORIA_CONTRATO;Categoria do contrato;;N;32;VLR_TAXASINDICAL_ADI_NOT;NUMBER;22;Y;2;;;;NO;; (: )
exabdp;SGT;CATEGORIA_CONTRATO;Categoria do contrato;;N;13;VLR_TRIBUTOS;NUMBER;22;Y;2;;;;NO;VALOR DOS TRIBUTOS; (: )
exabdp;SGT;CATEGORIA_CONTRATO;Categoria do contrato;;N;28;VLR_VALE_ALIMENTACAO_DIARIO;NUMBER;22;Y;2;;;;NO;; (: )
exabdp;SGT;CATEGORIA_CONTRATO;Categoria do contrato;;N;26;VLR_VALE_ALIMENTACAO_MENSAL;NUMBER;22;Y;2;;;;NO;; (: )
exabdp;SGT;CATEGORIA_CONTRATO;Categoria do contrato;;N;23;VLR_VALE_LANCHE;NUMBER;22;Y;2;;;;NO;VLR_VALE_LANCHE; (: )
exabdp;SGT;CATEGORIA_CONTRATO;Categoria do contrato;;N;29;VLR_VALE_TRANSPORTE_DIARIO;NUMBER;22;Y;2;;;;NO;; (: )
exabdp;SGT;CATEGORIA_CONTRATO;Categoria do contrato;;N;27;VLR_VALE_TRANSPORTE_MENSAL;NUMBER;22;Y;2;;;;NO;; (: )
exabdp;SGT;CATEGORIA_CONTRATO_AUDITORIA;Categoria do contrato auditoria;;N;18;COD_REVISAO;NUMBER;22;Y;0;;;;NO;REVTYPE; (: )
exabdp;SGT;CATEGORIA_CONTRATO_AUDITORIA;Categoria do contrato auditoria;;N;29;NUM_HORAS_JORNADA;NUMBER;22;Y;0;;;;NO;Número de horas de jornada de trabalho; (: )
exabdp;SGT;CATEGORIA_CONTRATO_AUDITORIA;Categoria do contrato auditoria;;N;4;NUM_VAGAS;NUMBER;22;Y;0;;;;NO;Número de vagas do contrato; (: )
exabdp;SGT;CATEGORIA_CONTRATO_AUDITORIA;Categoria do contrato auditoria;;N;5;NUM_VAGAS_AUTORIZADAS;NUMBER;22;Y;0;;;;NO;Número de vagas autorizadas pela a Seplag.; (: )
exabdp;SGT;CATEGORIA_CONTRATO_AUDITORIA;Categoria do contrato auditoria;;N;6;QTD_CARGO;NUMBER;22;Y;0;;;;NO;QUANTIDAD DO CARGO; (: )
exabdp;SGT;CATEGORIA_CONTRATO_AUDITORIA;Categoria do contrato auditoria;;N;3;SEQ_CAT_CATEGORIA;NUMBER;22;Y;0;;;;NO;Sequencial da tabela Categoria; (: )
exabdp;SGT;CATEGORIA_CONTRATO_AUDITORIA;Categoria do contrato auditoria;;N;28;SEQ_CATEGORIA;NUMBER;22;Y;0;;;;NO;SEQ_CATEGORIA; (: )
exabdp;SGT;CATEGORIA_CONTRATO_AUDITORIA;Categoria do contrato auditoria;;N;1;SEQ_CATEGORIA_CONTRATO;NUMBER;22;Y;0;;;;NO;Sequencial da Categoria do Contrato; (: )
exabdp;SGT;CATEGORIA_CONTRATO_AUDITORIA;Categoria do contrato auditoria;;N;2;SEQ_CONTRATO;NUMBER;22;Y;0;;;;NO;Sequencial do Contrato; (: )
exabdp;SGT;CATEGORIA_CONTRATO_AUDITORIA;Categoria do contrato auditoria;;N;17;SEQ_REVISAO;NUMBER;22;N;0;;;;NO;REV;PK_CATEGORIA_CONTRATO_AUDITORI (PRIMARY KEY: ENABLED)- SYS_C00249350 (C: ENABLED)
exabdp;SGT;CATEGORIA_CONTRATO_AUDITORIA;Categoria do contrato auditoria;;N;16;VLR_ADICIONAL_NOTURNO;NUMBER;22;Y;2;;;;NO;VALOR DO ADICIONAL NOTURNO; (: )
exabdp;SGT;CATEGORIA_CONTRATO_AUDITORIA;Categoria do contrato auditoria;;N;11;VLR_CESTA_BASICA;NUMBER;22;Y;2;;;;NO;VALOR DA CESTA BASICA; (: )
exabdp;SGT;CATEGORIA_CONTRATO_AUDITORIA;Categoria do contrato auditoria;;N;19;VLR_DIARIA;NUMBER;22;Y;2;;;;NO;VALOR DA DIARIA; (: )
exabdp;SGT;CATEGORIA_CONTRATO_AUDITORIA;Categoria do contrato auditoria;;N;8;VLR_ENCARGOS;NUMBER;22;Y;2;;;;NO;VALOR DOS ENCARGOS; (: )
exabdp;SGT;CATEGORIA_CONTRATO_AUDITORIA;Categoria do contrato auditoria;;N;13;VLR_FARDA;NUMBER;22;Y;2;;;;NO;VALOR DA FARDA; (: )
exabdp;SGT;CATEGORIA_CONTRATO_AUDITORIA;Categoria do contrato auditoria;;N;20;VLR_HORAEXTRA_DI_DF;NUMBER;22;Y;2;;;;NO;VLR_HORAEXTRA_DI_DF; (: )
exabdp;SGT;CATEGORIA_CONTRATO_AUDITORIA;Categoria do contrato auditoria;;N;21;VLR_HORAEXTRA_DI_DU;NUMBER;22;Y;2;;;;NO;VLR_HORAEXTRA_DI_DU; (: )
exabdp;SGT;CATEGORIA_CONTRATO_AUDITORIA;Categoria do contrato auditoria;;N;22;VLR_HORAEXTRA_DSR_DF;NUMBER;22;Y;2;;;;NO;VLR_HORAEXTRA_DSR_DF; (: )
exabdp;SGT;CATEGORIA_CONTRATO_AUDITORIA;Categoria do contrato auditoria;;N;23;VLR_HORAEXTRA_DSR_DU;NUMBER;22;Y;2;;;;NO;VLR_HORAEXTRA_DSR_DU; (: )
exabdp;SGT;CATEGORIA_CONTRATO_AUDITORIA;Categoria do contrato auditoria;;N;24;VLR_HORAEXTRA_NOT_DF;NUMBER;22;Y;2;;;;NO;VLR_HORAEXTRA_NOT_DF; (: )
exabdp;SGT;CATEGORIA_CONTRATO_AUDITORIA;Categoria do contrato auditoria;;N;25;VLR_HORAEXTRA_NOT_DU;NUMBER;22;Y;2;;;;NO;VLR_HORAEXTRA_NOT_DU; (: )
exabdp;SGT;CATEGORIA_CONTRATO_AUDITORIA;Categoria do contrato auditoria;;N;12;VLR_PLANO_SAUDE;NUMBER;22;Y;2;;;;NO;VALOR DO PLANO DE SAUDE; (: )
exabdp;SGT;CATEGORIA_CONTRATO_AUDITORIA;Categoria do contrato auditoria;;N;7;VLR_SALARIO;NUMBER;22;Y;2;;;;NO;VALOR DO SALARIO; (: )
exabdp;SGT;CATEGORIA_CONTRATO_AUDITORIA;Categoria do contrato auditoria;;N;26;VLR_SOBREAVISO;NUMBER;22;Y;2;;;;NO;VLR_SOBREAVISO; (: )
exabdp;SGT;CATEGORIA_CONTRATO_AUDITORIA;Categoria do contrato auditoria;;N;14;VLR_TAXA_ADMINISTRATIVA;NUMBER;22;Y;2;;;;NO;VALOR DA TAXA ADMINISTRATIVA; (: )
exabdp;SGT;CATEGORIA_CONTRATO_AUDITORIA;Categoria do contrato auditoria;;N;15;VLR_TRIBUTOS;NUMBER;22;Y;2;;;;NO;VALOR DOS TRIBUTOS; (: )
exabdp;SGT;CATEGORIA_CONTRATO_AUDITORIA;Categoria do contrato auditoria;;N;9;VLR_VALE_ALIMENTACAO;NUMBER;22;Y;2;;;;NO;VALOR DO VALE ALIMENTACAO; (: )
exabdp;SGT;CATEGORIA_CONTRATO_AUDITORIA;Categoria do contrato auditoria;;N;27;VLR_VALE_LANCHE;NUMBER;22;Y;2;;;;NO;VLR_VALE_LANCHE; (: )
exabdp;SGT;CATEGORIA_CONTRATO_AUDITORIA;Categoria do contrato auditoria;;N;10;VLR_VALE_TRANSPORTE;NUMBER;22;Y;2;;;;NO;VALOR DO VALE TRANSPORTE; (: )
exabdp;SGT;CONTRATO;Contrato;;N;5;DAT_FIM_VIGENCIA;DATE;7;Y;;;;;NO;Data de fim da vigencia do contrato; (: )
exabdp;SGT;CONTRATO;Contrato;;N;4;DAT_INICIO_VIGENCIA;DATE;7;Y;;;;;NO;Data de inicio da vigencia do contrato; (: )
exabdp;SGT;CONTRATO;Contrato;;N;3;NOM_CONTRATO;VARCHAR2;15;Y;;;;;NO;Nome do Contrato; (: )
exabdp;SGT;CONTRATO;Contrato;;N;1;SEQ_CONTRATO;NUMBER;22;N;0;;;;NO;Sequencial do Contrato;PK_CONTRATO (PRIMARY KEY: ENABLED)- SYS_C00248612 (C: ENABLED)
exabdp;SGT;CONTRATO;Contrato;;N;2;SEQ_EMPRESA;NUMBER;22;Y;0;;;;NO;Sequencial da Empresa;FK_EMP_R_CON (FOREIGN KEY: ENABLED)
exabdp;SGT;CONTRATO;Contrato;;N;10;TXT_SIC;VARCHAR2;15;Y;;;;;NO;; (: )
exabdp;SGT;CONTRATO;Contrato;;N;8;VLR_GLOBAL;NUMBER;22;Y;2;;;;NO;Valor global; (: )
exabdp;SGT;CONTRATO;Contrato;;N;6;VLR_NORMAL;NUMBER;22;Y;2;;;;NO;Valor Normal; (: )
exabdp;SGT;CONTRATO;Contrato;;N;7;VLR_PROVISAO;NUMBER;22;Y;2;;;;NO;Valor de Provisão; (: )
exabdp;SGT;CONTRATO;Contrato;;N;9;VLR_RETENCAO;NUMBER;22;Y;2;;;;NO;Valor de rentenção; (: )
exabdp;SGT;CONTRATO_ADITIVO;Contrato Aditivo;;N;6;DAT_FIM_VIGENCIA;DATE;7;Y;;;;;NO;Data de fim da vigencia do contrato; (: )
exabdp;SGT;CONTRATO_ADITIVO;Contrato Aditivo;;N;5;DAT_INICIO_VIGENCIA;DATE;7;Y;;;;;NO;Data de inicio da vigencia do contrato; (: )
exabdp;SGT;CONTRATO_ADITIVO;Contrato Aditivo;;N;4;NOM_CONTRATO;VARCHAR2;15;Y;;;;;NO;Nome do Contrato; (: )
exabdp;SGT;CONTRATO_ADITIVO;Contrato Aditivo;;N;11;NUM_ADITIVO;NUMBER;22;Y;0;;;;NO;Numero do aditivo; (: )
exabdp;SGT;CONTRATO_ADITIVO;Contrato Aditivo;;N;2;SEQ_CONTRATO;NUMBER;22;Y;0;;;;NO;Sequencial do Contrato;FK_CON_R_CON_ADI (FOREIGN KEY: ENABLED)
exabdp;SGT;CONTRATO_ADITIVO;Contrato Aditivo;;N;1;SEQ_CONTRATO_ADITIVO;NUMBER;22;N;0;;;;NO;Sequence contratro do aditivo;PK_CONTRATO_ADITIVO (PRIMARY KEY: ENABLED)- SYS_C00258320 (C: ENABLED)
exabdp;SGT;CONTRATO_ADITIVO;Contrato Aditivo;;N;3;SEQ_EMPRESA;NUMBER;22;Y;0;;;;NO;Sequencial da Empresa; (: )
exabdp;SGT;CONTRATO_ADITIVO;Contrato Aditivo;;N;12;TIP_ADITIVO;VARCHAR2;45;Y;;;;;NO;1 Repactuacão | 2 Prorrogacão | 3 Alteracões Quantitativas | 4 Alteracões Qualitativas; (: )
exabdp;SGT;CONTRATO_ADITIVO;Contrato Aditivo;;N;13;TXT_ADITIVO_VIGENTE;VARCHAR2;8;Y;;;;;NO;Sim | ; (: )
exabdp;SGT;CONTRATO_ADITIVO;Contrato Aditivo;;N;9;VLR_GLOBAL;NUMBER;22;Y;2;;;;NO;Valor global; (: )
exabdp;SGT;CONTRATO_ADITIVO;Contrato Aditivo;;N;7;VLR_NORMAL;NUMBER;22;Y;2;;;;NO;Valor Normal; (: )
exabdp;SGT;CONTRATO_ADITIVO;Contrato Aditivo;;N;8;VLR_PROVISAO;NUMBER;22;Y;2;;;;NO;Valor de Provisão; (: )
exabdp;SGT;CONTRATO_ADITIVO;Contrato Aditivo;;N;10;VLR_RETENCAO;NUMBER;22;Y;2;;;;NO;Valor de rentencão; (: )
exabdp;SGT;CONTRATO_ADITIVO_AUDITORIA;Contrato Aditivo Auditoria;;N;2;COD_REVISAO;NUMBER;22;Y;0;;;;NO;Tipo de revisão; (: )
exabdp;SGT;CONTRATO_ADITIVO_AUDITORIA;Contrato Aditivo Auditoria;;N;8;DAT_FIM_VIGENCIA;DATE;7;Y;;;;;NO;Data de fim da vigencia do contrato; (: )
exabdp;SGT;CONTRATO_ADITIVO_AUDITORIA;Contrato Aditivo Auditoria;;N;7;DAT_INICIO_VIGENCIA;DATE;7;Y;;;;;NO;Data de inicio da vigencia do contrato; (: )
exabdp;SGT;CONTRATO_ADITIVO_AUDITORIA;Contrato Aditivo Auditoria;;N;6;NOM_CONTRATO;VARCHAR2;15;Y;;;;;NO;Nome do Contrato; (: )
exabdp;SGT;CONTRATO_ADITIVO_AUDITORIA;Contrato Aditivo Auditoria;;N;13;NUM_ADITIVO;VARCHAR2;15;Y;;;;;NO;Numero do aditivo; (: )
exabdp;SGT;CONTRATO_ADITIVO_AUDITORIA;Contrato Aditivo Auditoria;;N;4;SEQ_CONTRATO;NUMBER;22;Y;0;;;;NO;Sequencial do Contrato; (: )
exabdp;SGT;CONTRATO_ADITIVO_AUDITORIA;Contrato Aditivo Auditoria;;N;3;SEQ_CONTRATO_ADITIVO;NUMBER;22;Y;0;;;;NO;; (: )
exabdp;SGT;CONTRATO_ADITIVO_AUDITORIA;Contrato Aditivo Auditoria;;N;5;SEQ_EMPRESA;NUMBER;22;Y;0;;;;NO;Sequencial da Empresa; (: )
exabdp;SGT;CONTRATO_ADITIVO_AUDITORIA;Contrato Aditivo Auditoria;;N;1;SEQ_REVISAO;NUMBER;22;N;0;;;;NO;REV;PK_CONTRATO_ADITIVO_AUDITORIA (PRIMARY KEY: DISABLED)- SYS_C00258323 (C: ENABLED)
exabdp;SGT;CONTRATO_ADITIVO_AUDITORIA;Contrato Aditivo Auditoria;;N;14;TIP_ADITIVO;VARCHAR2;45;Y;;;;;NO;1 Repactuacão | 2 Prorrogacão | 3 Alteracões Quantitativas | 4 Alteracões Qualitativas; (: )
exabdp;SGT;CONTRATO_ADITIVO_AUDITORIA;Contrato Aditivo Auditoria;;N;15;TXT_ADITIVO_VIGENTE;VARCHAR2;8;Y;;;;;NO;Sim | ; (: )
exabdp;SGT;CONTRATO_ADITIVO_AUDITORIA;Contrato Aditivo Auditoria;;N;11;VLR_GLOBAL;NUMBER;22;Y;2;;;;NO;Valor global; (: )
exabdp;SGT;CONTRATO_ADITIVO_AUDITORIA;Contrato Aditivo Auditoria;;N;9;VLR_NORMAL;NUMBER;22;Y;2;;;;NO;Valor Normal; (: )
exabdp;SGT;CONTRATO_ADITIVO_AUDITORIA;Contrato Aditivo Auditoria;;N;10;VLR_PROVISAO;NUMBER;22;Y;2;;;;NO;Valor de Provisão; (: )
exabdp;SGT;CONTRATO_ADITIVO_AUDITORIA;Contrato Aditivo Auditoria;;N;12;VLR_RETENCAO;NUMBER;22;Y;2;;;;NO;Valor de rentencão; (: )
exabdp;SGT;CONTRATO_AUDITORIA;Contrato;;N;10;COD_REVISAO;NUMBER;22;Y;0;;;;NO;REVTYPE; (: )
exabdp;SGT;CONTRATO_AUDITORIA;Contrato;;N;5;DAT_FIM_VIGENCIA;DATE;7;Y;;;;;NO;Data de fim da vigencia do contrato; (: )
exabdp;SGT;CONTRATO_AUDITORIA;Contrato;;N;4;DAT_INICIO_VIGENCIA;DATE;7;Y;;;;;NO;Data de inicio da vigencia do contrato; (: )
exabdp;SGT;CONTRATO_AUDITORIA;Contrato;;N;3;NOM_CONTRATO;VARCHAR2;15;Y;;;;;NO;Nome do Contrato; (: )
exabdp;SGT;CONTRATO_AUDITORIA;Contrato;;N;1;SEQ_CONTRATO;NUMBER;22;Y;0;;;;NO;Sequencial do Contrato; (: )
exabdp;SGT;CONTRATO_AUDITORIA;Contrato;;N;2;SEQ_EMPRESA;NUMBER;22;Y;0;;;;NO;Sequencial da Empresa; (: )
exabdp;SGT;CONTRATO_AUDITORIA;Contrato;;N;9;SEQ_REVISAO;NUMBER;22;N;0;;;;NO;REV;PK_CONTRATO_AUDITORIA (PRIMARY KEY: ENABLED)- SYS_C00249348 (C: ENABLED)
exabdp;SGT;CONTRATO_AUDITORIA;Contrato;;N;12;TXT_SIC;VARCHAR2;15;Y;;;;;NO;; (: )
exabdp;SGT;CONTRATO_AUDITORIA;Contrato;;N;8;VLR_GLOBAL;NUMBER;22;Y;2;;;;NO;Valor global; (: )
exabdp;SGT;CONTRATO_AUDITORIA;Contrato;;N;6;VLR_NORMAL;NUMBER;22;Y;2;;;;NO;Valor Normal; (: )
exabdp;SGT;CONTRATO_AUDITORIA;Contrato;;N;7;VLR_PROVISAO;NUMBER;22;Y;2;;;;NO;Valor de Provisão; (: )
exabdp;SGT;CONTRATO_AUDITORIA;Contrato;;N;11;VLR_RETENCAO;NUMBER;22;Y;2;;;;NO;Valor de rentenção; (: )
exabdp;SGT;CURSO_SUPERIOR;Curso Superior;;N;2;NOM_CURSO;VARCHAR2;50;N;;;;;NO;Nome do curso;SYS_C00248615 (C: ENABLED)
exabdp;SGT;CURSO_SUPERIOR;Curso Superior;;N;1;SEQ_CURSO_SUPERIOR;NUMBER;22;N;0;;;;NO;Sequencial do Curso Superior;PK_CURSO_SUPERIOR (PRIMARY KEY: ENABLED)- SYS_C00248614 (C: ENABLED)
exabdp;SGT;DIARIA;Tabela que contem os dados das Diarias associadas ao Terceiro;;N;5;COD_SITUACAO;NUMBER;22;Y;0;;;;NO;"Código da situação: 1 - Aberta; 2 - Finalizada"; (: )
exabdp;SGT;DIARIA;Tabela que contem os dados das Diarias associadas ao Terceiro;;N;3;DAT_CADASTRO;DATE;7;Y;;;;;NO;Data de cadastro das diarias; (: )
exabdp;SGT;DIARIA;Tabela que contem os dados das Diarias associadas ao Terceiro;;N;2;DAT_DIARIA;DATE;7;Y;;;;;NO;Data das diarias; (: )
exabdp;SGT;DIARIA;Tabela que contem os dados das Diarias associadas ao Terceiro;;N;4;SEQ_DIARIA;NUMBER;22;N;0;;;;NO;;PK_DIARIA (PRIMARY KEY: ENABLED)- SYS_C00258325 (C: ENABLED)
exabdp;SGT;DIARIA;Tabela que contem os dados das Diarias associadas ao Terceiro;;N;1;SEQ_TERCEIRO;NUMBER;22;Y;0;;;;NO;Sequencial do Terceiro;FK_TER_R_DIA (FOREIGN KEY: ENABLED)
exabdp;SGT;DIARIA_ANEXO;Tabela que contém os dados associadas aos anexos;;N;3;BIN_ANEXO;BLOB;4000;Y;;;;;NO;Tipo de dados do Anexo; (: )
exabdp;SGT;DIARIA_ANEXO;Tabela que contém os dados associadas aos anexos;;N;4;NOM_ANEXO;VARCHAR2;100;Y;;;;;NO;Nome do arquivo; (: )
exabdp;SGT;DIARIA_ANEXO;Tabela que contém os dados associadas aos anexos;;N;2;SEQ_DIARIA;NUMBER;22;Y;0;;;;NO;Sequencial da tabela DIARIA;FK_DIA_A_R_DIARIA (FOREIGN KEY: ENABLED)
exabdp;SGT;DIARIA_ANEXO;Tabela que contém os dados associadas aos anexos;;N;1;SEQ_DIARIA_ANEXO;NUMBER;22;N;;;;;NO;Chave primaria da tabela Diaria Anexo;PK_DIARIA_ANEXO (PRIMARY KEY: ENABLED)- SYS_C00258358 (C: ENABLED)
exabdp;SGT;DIARIA_ANEXO_AUDITORIA;Tabela que contém os dados de Auditoria das Diárias associadas ao Terceiro;;N;3;BIN_ANEXO;BLOB;4000;Y;;;;;NO;; (: )
exabdp;SGT;DIARIA_ANEXO_AUDITORIA;Tabela que contém os dados de Auditoria das Diárias associadas ao Terceiro;;N;2;COD_REVISAO;NUMBER;22;Y;0;;;;NO;; (: )
exabdp;SGT;DIARIA_ANEXO_AUDITORIA;Tabela que contém os dados de Auditoria das Diárias associadas ao Terceiro;;N;4;NOM_ANEXO;VARCHAR2;100;Y;;;;;NO;; (: )
exabdp;SGT;DIARIA_ANEXO_AUDITORIA;Tabela que contém os dados de Auditoria das Diárias associadas ao Terceiro;;N;5;SEQ_DIARIA;NUMBER;22;Y;0;;;;NO;Sequencial da tabela DIARIA; (: )
exabdp;SGT;DIARIA_ANEXO_AUDITORIA;Tabela que contém os dados de Auditoria das Diárias associadas ao Terceiro;;N;6;SEQ_DIARIA_ANEXO;NUMBER;22;Y;0;;;;NO;; (: )
exabdp;SGT;DIARIA_ANEXO_AUDITORIA;Tabela que contém os dados de Auditoria das Diárias associadas ao Terceiro;;N;1;SEQ_REVISAO;NUMBER;22;Y;0;;;;NO;;PK_DIARIA_ANEXO_AUDITORIA (PRIMARY KEY: DISABLED)
exabdp;SGT;DIARIA_AUDITORIA;Tabela que contem os dados de Auditoria das Diarias associadas ao Terceiro;;N;4;COD_REVISAO;NUMBER;22;Y;0;;;;NO;Codigo de revisão; (: )
exabdp;SGT;DIARIA_AUDITORIA;Tabela que contem os dados de Auditoria das Diarias associadas ao Terceiro;;N;7;COD_SITUACAO;NUMBER;22;Y;0;;;;NO;"Código da situação: 1 - Aberta; 2 - Finalizada"; (: )
exabdp;SGT;DIARIA_AUDITORIA;Tabela que contem os dados de Auditoria das Diarias associadas ao Terceiro;;N;6;DAT_CADASTRO;DATE;7;Y;;;;;NO;Data de cadastro das diarias; (: )
exabdp;SGT;DIARIA_AUDITORIA;Tabela que contem os dados de Auditoria das Diarias associadas ao Terceiro;;N;5;DAT_DIARIA;DATE;7;Y;;;;;NO;Data das diarias; (: )
exabdp;SGT;DIARIA_AUDITORIA;Tabela que contem os dados de Auditoria das Diarias associadas ao Terceiro;;N;2;SEQ_DIARIA;NUMBER;22;Y;0;;;;NO;Sequencial da tabela DIARIA; (: )
exabdp;SGT;DIARIA_AUDITORIA;Tabela que contem os dados de Auditoria das Diarias associadas ao Terceiro;;N;1;SEQ_REVISAO;NUMBER;22;Y;0;;;;NO;Chave primaria da Revisão da Tabela de Auditoria ;PK_DIARIA_AUDITORIA (PRIMARY KEY: DISABLED)
exabdp;SGT;DIARIA_AUDITORIA;Tabela que contem os dados de Auditoria das Diarias associadas ao Terceiro;;N;3;SEQ_TERCEIRO;NUMBER;22;Y;0;;;;NO;Chave estrangeira da tabela TERCEIRO; (: )
exabdp;SGT;EMPRESA;Empresa;;N;1;SEQ_EMPRESA;NUMBER;22;N;0;;;;NO;Sequencial da Empresa;PK_EMPRESA (PRIMARY KEY: ENABLED)- SYS_C00248617 (C: ENABLED)
exabdp;SGT;EMPRESA;Empresa;;N;3;TXT_CNPJ;VARCHAR2;18;N;;;;;NO;CNPJ;SYS_C00248619 (C: ENABLED)
exabdp;SGT;EMPRESA;Empresa;;N;2;TXT_RAZAO;VARCHAR2;100;Y;;;;;NO;Razão Social; (: )
exabdp;SGT;EMPRESA_AUDITORIA;EMPRESA_AUDITORIA;;N;3;COD_REVISAO;NUMBER;22;Y;0;;;;NO;REVTYPE; (: )
exabdp;SGT;EMPRESA_AUDITORIA;EMPRESA_AUDITORIA;;N;1;SEQ_EMPRESA;NUMBER;22;Y;0;;;;NO;sequencial da tabela empresa; (: )
exabdp;SGT;EMPRESA_AUDITORIA;EMPRESA_AUDITORIA;;N;2;SEQ_REVISAO;NUMBER;22;N;0;;;;NO;REV;PK_EMPRESA_AUDITORIA (PRIMARY KEY: ENABLED)- SYS_C00249346 (C: ENABLED)
exabdp;SGT;EMPRESA_AUDITORIA;EMPRESA_AUDITORIA;;N;4;TXT_CNPJ;VARCHAR2;18;Y;;;;;NO;CNPJ; (: )
exabdp;SGT;EMPRESA_AUDITORIA;EMPRESA_AUDITORIA;;N;5;TXT_RAZAO;VARCHAR2;100;Y;;;;;NO;RAZAO SOCIAL; (: )
exabdp;SGT;MACRORREGIAO;Macrorregião;;N;2;DSC_MACRORREGIAO;VARCHAR2;100;Y;;;;;NO;Descrição Macrorregião; (: )
exabdp;SGT;MACRORREGIAO;Macrorregião;;N;1;SEQ_MACRORREGIAO;NUMBER;22;N;0;;;;NO;Sequence Macrorregião;PK_MACRORREGIAO (PRIMARY KEY: ENABLED)- SYS_C00261615 (C: ENABLED)
exabdp;SGT;MACRORREGIAO_AUDITORIA;Macrorregião Auditoria;;N;4;COD_REVISAO;NUMBER;22;Y;0;;;;NO;Código revisão; (: )
exabdp;SGT;MACRORREGIAO_AUDITORIA;Macrorregião Auditoria;;N;2;DSC_MACRORREGIAO;VARCHAR2;100;Y;;;;;NO;Descrição Macrorregião; (: )
exabdp;SGT;MACRORREGIAO_AUDITORIA;Macrorregião Auditoria;;N;1;SEQ_MACRORREGIAO;NUMBER;22;Y;0;;;;NO;Sequence Macrorregião; (: )
exabdp;SGT;MACRORREGIAO_AUDITORIA;Macrorregião Auditoria;;N;3;SEQ_REVISAO;NUMBER;22;Y;0;;;;NO;Sequence revisão; (: )
exabdp;SGT;OCORRENCIA;SGT.OCORRENCIA;0;N;7;COD_SITUACAO;NUMBER;22;Y;0;0;0;0;NO;1 - Aberto, 2 ¿ Finalizado; (: )
exabdp;SGT;OCORRENCIA;SGT.OCORRENCIA;0;N;3;COD_TIPO_OCORRENCIA;NUMBER;22;Y;0;0;0;0;NO;TIPO DA OCORRENCIA; (: )
exabdp;SGT;OCORRENCIA;SGT.OCORRENCIA;0;N;4;DAT_INCLUSAO;DATE;7;Y;;0;0;0;NO;; (: )
exabdp;SGT;OCORRENCIA;SGT.OCORRENCIA;0;N;5;NUM_SOBREAVISO;NUMBER;22;Y;0;0;0;0;NO;; (: )
exabdp;SGT;OCORRENCIA;SGT.OCORRENCIA;0;N;1;SEQ_OCORRENCIA;NUMBER;22;N;0;0;0;0;NO;Chave primaria da tabela SGT.OCORRENCIA;PK_OCORRENCIA (PRIMARY KEY: ENABLED)- SYS_C00249336 (C: ENABLED)- SYS_C00258330 (C: DISABLED)
exabdp;SGT;OCORRENCIA;SGT.OCORRENCIA;0;N;2;SEQ_TERCEIRO;NUMBER;22;Y;0;0;0;0;NO;Chave estrangeira da tabela TERCEIRO;FK_TER_R_OCO (FOREIGN KEY: ENABLED)
exabdp;SGT;OCORRENCIA;SGT.OCORRENCIA;0;N;6;TXT_OBSERVACAO;VARCHAR2;2000;Y;;0;0;0;NO;; (: )
exabdp;SGT;OCORRENCIA_ADICIONAL_NOTURNO;Tabela que contem os dados do Adicional Noturno relacionados com a Ocorrencia;;N;5;DAT_DIA;DATE;7;N;;;;;NO;DATA DE INCLUSAO;SYS_C00258335 (C: ENABLED)
exabdp;SGT;OCORRENCIA_ADICIONAL_NOTURNO;Tabela que contem os dados do Adicional Noturno relacionados com a Ocorrencia;;N;6;DAT_INCLUSAO;DATE;7;Y;;;;;NO;; (: )
exabdp;SGT;OCORRENCIA_ADICIONAL_NOTURNO;Tabela que contem os dados do Adicional Noturno relacionados com a Ocorrencia;;N;4;HOR_FIM;VARCHAR2;5;N;;;;;NO;Hora fim do Adicional Norturno;SYS_C00258334 (C: ENABLED)
exabdp;SGT;OCORRENCIA_ADICIONAL_NOTURNO;Tabela que contem os dados do Adicional Noturno relacionados com a Ocorrencia;;N;3;HOR_INICIO;VARCHAR2;5;N;;;;;NO;Hora de inicio do Adicional Norturno;SYS_C00258333 (C: ENABLED)
exabdp;SGT;OCORRENCIA_ADICIONAL_NOTURNO;Tabela que contem os dados do Adicional Noturno relacionados com a Ocorrencia;;N;2;SEQ_OCORRENCIA;NUMBER;22;N;0;;;;NO;Chave estrangeira da tabela OCORRENCIA;FK_OCO_R_OCO_ADI_NOTURNO (FOREIGN KEY: ENABLED)- SYS_C00258332 (C: ENABLED)
exabdp;SGT;OCORRENCIA_ADICIONAL_NOTURNO;Tabela que contem os dados do Adicional Noturno relacionados com a Ocorrencia;;N;1;SEQ_OCORRENCIA_ADICIONAL_NOT;NUMBER;22;N;0;;;;NO;Chave primaria da tabela OCORRENCIA_ADICIONAL_NOT;PK_OCORRENCIA_ADICIONAL_NOT (PRIMARY KEY: ENABLED)- SYS_C00258331 (C: ENABLED)
exabdp;SGT;OCORRENCIA_ADI_NOT_AUDITORIA;Tabela que contém os dados do Adicional Noturno relacionados com a Ocorrência;;N;6;COD_REVISAO;NUMBER;22;Y;0;;;;NO;Código de revisão; (: )
exabdp;SGT;OCORRENCIA_ADI_NOT_AUDITORIA;Tabela que contém os dados do Adicional Noturno relacionados com a Ocorrência;;N;7;DAT_DIA;DATE;7;Y;;;;;NO;Data de diária; (: )
exabdp;SGT;OCORRENCIA_ADI_NOT_AUDITORIA;Tabela que contém os dados do Adicional Noturno relacionados com a Ocorrência;;N;8;DAT_INCLUSAO;DATE;7;Y;;;;;NO;Data de inclusão; (: )
exabdp;SGT;OCORRENCIA_ADI_NOT_AUDITORIA;Tabela que contém os dados do Adicional Noturno relacionados com a Ocorrência;;N;5;HOR_FIM;VARCHAR2;5;Y;;;;;NO;Hora fim do Adicional Norturno; (: )
exabdp;SGT;OCORRENCIA_ADI_NOT_AUDITORIA;Tabela que contém os dados do Adicional Noturno relacionados com a Ocorrência;;N;4;HOR_INICIO;VARCHAR2;5;Y;;;;;NO;Hora de início do Adicional Norturno; (: )
exabdp;SGT;OCORRENCIA_ADI_NOT_AUDITORIA;Tabela que contém os dados do Adicional Noturno relacionados com a Ocorrência;;N;3;SEQ_OCORRENCIA;NUMBER;22;Y;0;;;;NO;Chave estrangeira da tabela Ocorrência; (: )
exabdp;SGT;OCORRENCIA_ADI_NOT_AUDITORIA;Tabela que contém os dados do Adicional Noturno relacionados com a Ocorrência;;N;2;SEQ_OCORRENCIA_ADICIONAL_NOT;NUMBER;22;Y;0;;;;NO;Sequencial da tabela OCORRENCIA_ADICIONAL_NOT; (: )
exabdp;SGT;OCORRENCIA_ADI_NOT_AUDITORIA;Tabela que contém os dados do Adicional Noturno relacionados com a Ocorrência;;N;1;SEQ_REVISAO;NUMBER;22;N;0;;;;NO;Chave primária da Revisão da Tabela de Auditoria;PK_REVISAO_OCO_ADI_NOT_AUD (PRIMARY KEY: DISABLED)- SYS_C00259089 (C: ENABLED)
exabdp;SGT;OCORRENCIA_ANEXO;Tabela SGT.OCORRENCIA_ANEXO;;N;3;BIN_ANEXO;BLOB;4000;Y;;;;;NO;Conteudo binario do arquivo anexado; (: )
exabdp;SGT;OCORRENCIA_ANEXO;Tabela SGT.OCORRENCIA_ANEXO;;N;2;SEQ_OCORRENCIA;NUMBER;22;Y;0;;;;NO;Chave estangeira da tabela OCORRENCIA;FK_OCO_R_OCO_ANEXO (FOREIGN KEY: ENABLED)
exabdp;SGT;OCORRENCIA_ANEXO;Tabela SGT.OCORRENCIA_ANEXO;;N;1;SEQ_OCORRENCIA_ANEXO;NUMBER;22;N;0;;;;NO;Chave primaria da tabela SGT.OCORRENCIA_ANEXO ;PK_OCORRENCIA_ANEXO (PRIMARY KEY: ENABLED)- SYS_C00258338 (C: ENABLED)
exabdp;SGT;OCORRENCIA_ANEXO;Tabela SGT.OCORRENCIA_ANEXO;;N;4;TXT_ANEXO_NOME;VARCHAR2;100;Y;;;;;NO;Nome do arquivo anexado; (: )
exabdp;SGT;OCORRENCIA_ANEXO_AUDITORIA;Tabela OCORRENCIA_ANEXO;;N;4;BIN_ANEXO;BLOB;466;Y;;;;;NO;Conteúdo binário do arquivo anexado; (: )
exabdp;SGT;OCORRENCIA_ANEXO_AUDITORIA;Tabela OCORRENCIA_ANEXO;;N;6;COD_REVISAO;NUMBER;22;Y;0;;;;NO;Código de revisão; (: )
exabdp;SGT;OCORRENCIA_ANEXO_AUDITORIA;Tabela OCORRENCIA_ANEXO;;N;3;SEQ_OCORRENCIA;NUMBER;22;Y;0;;;;NO;Chave estangeira da tabela OCORRENCIA; (: )
exabdp;SGT;OCORRENCIA_ANEXO_AUDITORIA;Tabela OCORRENCIA_ANEXO;;N;2;SEQ_OCORRENCIA_ANEXO;NUMBER;22;N;0;;;;NO;Sequencial da tabela OCORRENCIA_ANEXO;SYS_C00259829 (C: ENABLED)
exabdp;SGT;OCORRENCIA_ANEXO_AUDITORIA;Tabela OCORRENCIA_ANEXO;;N;1;SEQ_REVISAO;NUMBER;22;N;0;;;;NO;Chave primária da Revisão da Tabela de Auditoria;SYS_C00259828 (C: ENABLED)
exabdp;SGT;OCORRENCIA_ANEXO_AUDITORIA;Tabela OCORRENCIA_ANEXO;;N;5;TXT_ANEXO_NOME;VARCHAR2;100;Y;;;;;NO;Nome do arquivo anexado; (: )
exabdp;SGT;OCORRENCIA_AUDITORIA;OCORRENCIA;;N;6;COD_REVISAO;NUMBER;22;Y;0;;;;NO;Código de revisão; (: )
exabdp;SGT;OCORRENCIA_AUDITORIA;OCORRENCIA;;N;8;COD_SITUACAO;NUMBER;22;Y;0;;;;NO;1 - Aberto, 2 ¿ Finalizado; (: )
exabdp;SGT;OCORRENCIA_AUDITORIA;OCORRENCIA;;N;7;DAT_INCLUSAO;DATE;7;Y;;;;;NO;Data de inclusão; (: )
exabdp;SGT;OCORRENCIA_AUDITORIA;OCORRENCIA;;N;4;NUM_SOBREAVISO;NUMBER;22;Y;0;;;;NO;Sobreaviso em número de horas; (: )
exabdp;SGT;OCORRENCIA_AUDITORIA;OCORRENCIA;;N;2;SEQ_OCORRENCIA;NUMBER;22;Y;0;;;;NO;Sequencial da tabela OCORRENCIA; (: )
exabdp;SGT;OCORRENCIA_AUDITORIA;OCORRENCIA;;N;1;SEQ_REVISAO;NUMBER;22;Y;0;;;;NO;Chave primária da Revisão da Tabela de Auditoria; (: )
exabdp;SGT;OCORRENCIA_AUDITORIA;OCORRENCIA;;N;3;SEQ_TERCEIRO;NUMBER;22;Y;0;;;;NO;Chave estrangeira com o sequencial do Terceiro; (: )
exabdp;SGT;OCORRENCIA_AUDITORIA;OCORRENCIA;;N;5;TXT_OBSERVACAO;VARCHAR2;2000;Y;;;;;NO;Informações adicionais sobre a ocorrência; (: )
exabdp;SGT;OCORRENCIA_DIAS;Tabela que contem os dados dos dias das ocorrencias;;N;4;COD_TIPO_OCORRENCIA;NUMBER;22;Y;0;;;;NO;Codigo do tipo de Ocorrencia; (: )
exabdp;SGT;OCORRENCIA_DIAS;Tabela que contem os dados dos dias das ocorrencias;;N;3;DAT_DIA;DATE;7;Y;;;;;NO;Informacão do dia no qual aconteceu a ocorrencia; (: )
exabdp;SGT;OCORRENCIA_DIAS;Tabela que contem os dados dos dias das ocorrencias;;N;5;DAT_INCLUSAO;DATE;7;Y;;;;;NO;Informacão da data de insercão do dado; (: )
exabdp;SGT;OCORRENCIA_DIAS;Tabela que contem os dados dos dias das ocorrencias;;N;6;NUM_DSR_DESCONTADO;NUMBER;22;Y;0;;;;NO;Número de descanso semanal descontado; (: )
exabdp;SGT;OCORRENCIA_DIAS;Tabela que contem os dados dos dias das ocorrencias;;N;7;NUM_DSR_DESCONTADO_FERIADO;NUMBER;22;Y;0;;;;NO;Número de descanso semanal remunerado descontado por feriado; (: )
exabdp;SGT;OCORRENCIA_DIAS;Tabela que contem os dados dos dias das ocorrencias;;N;2;SEQ_OCORRENCIA;NUMBER;22;Y;0;;;;NO;Chave estrangeira da tabela OCORRENCIA;FK_OCO_R_OCO_DIAS (FOREIGN KEY: ENABLED)
exabdp;SGT;OCORRENCIA_DIAS;Tabela que contem os dados dos dias das ocorrencias;;N;1;SEQ_OCORRENCIA_DIAS;NUMBER;22;N;0;;;;NO;Chave primaria da tabela SGT.OCORRENCIA_DIAS;PK_OCORRENCIA_DIAS (PRIMARY KEY: ENABLED)- SYS_C00258341 (C: ENABLED)
exabdp;SGT;OCORRENCIA_DIAS_AUDITORIA;Tabela que contem os dados dos dias das ocorrencias;;N;5;COD_REVISAO;NUMBER;22;Y;0;;;;NO;Codigo de revisão; (: )
exabdp;SGT;OCORRENCIA_DIAS_AUDITORIA;Tabela que contem os dados dos dias das ocorrencias;;N;6;COD_TIPO_OCORRENCIA;NUMBER;22;Y;0;;;;NO;; (: )
exabdp;SGT;OCORRENCIA_DIAS_AUDITORIA;Tabela que contem os dados dos dias das ocorrencias;;N;4;DAT_DIA;DATE;7;Y;;;;;NO;Informacão do dia no qual aconteceu a ocorrencia; (: )
exabdp;SGT;OCORRENCIA_DIAS_AUDITORIA;Tabela que contem os dados dos dias das ocorrencias;;N;7;DAT_INCLUSAO;DATE;7;Y;;;;;NO;; (: )
exabdp;SGT;OCORRENCIA_DIAS_AUDITORIA;Tabela que contem os dados dos dias das ocorrencias;;N;8;NUM_DSR_DESCONTADO;NUMBER;22;Y;0;;;;NO;Número de descanso semanal descontado; (: )
exabdp;SGT;OCORRENCIA_DIAS_AUDITORIA;Tabela que contem os dados dos dias das ocorrencias;;N;9;NUM_DSR_DESCONTADO_FERIADO;NUMBER;22;Y;0;;;;NO;Número de descanso semanal remunerado descontado por feriado; (: )
exabdp;SGT;OCORRENCIA_DIAS_AUDITORIA;Tabela que contem os dados dos dias das ocorrencias;;N;3;SEQ_OCORRENCIA;NUMBER;22;Y;0;;;;NO;Chave estrangeira da tabela OCORRENCIA; (: )
exabdp;SGT;OCORRENCIA_DIAS_AUDITORIA;Tabela que contem os dados dos dias das ocorrencias;;N;2;SEQ_OCORRENCIA_DIAS;NUMBER;22;Y;0;;;;NO;Sequencial da tabela OCORRENCIA_DIAS; (: )
exabdp;SGT;OCORRENCIA_DIAS_AUDITORIA;Tabela que contem os dados dos dias das ocorrencias;;N;1;SEQ_REVISAO;NUMBER;22;N;0;;;;NO;Chave primaria da Revisão da Tabela de Auditoria ;PK_REVISAO_OCO_DIA_AUD (PRIMARY KEY: DISABLED)- SYS_C00258344 (C: ENABLED)
exabdp;SGT;OCORRENCIA_HORAS_EXTRAS;Tabela que contem os dados das Horas Extras da Ocorrencia;;N;5;DAT_DIA;DATE;7;N;;;;;NO;;SYS_C00258352 (C: ENABLED)
exabdp;SGT;OCORRENCIA_HORAS_EXTRAS;Tabela que contem os dados das Horas Extras da Ocorrencia;;N;7;DAT_INCLUSAO;DATE;7;Y;;;;;NO;; (: )
exabdp;SGT;OCORRENCIA_HORAS_EXTRAS;Tabela que contem os dados das Horas Extras da Ocorrencia;;N;4;HOR_FIM;VARCHAR2;5;N;;;;;NO;Hora fim da Ocorrencia;SYS_C00258351 (C: ENABLED)
exabdp;SGT;OCORRENCIA_HORAS_EXTRAS;Tabela que contem os dados das Horas Extras da Ocorrencia;;N;3;HOR_INICIO;VARCHAR2;5;N;;;;;NO;Hora de inicio da Ocorrencia ;SYS_C00258350 (C: ENABLED)
exabdp;SGT;OCORRENCIA_HORAS_EXTRAS;Tabela que contem os dados das Horas Extras da Ocorrencia;;N;2;SEQ_OCORRENCIA;NUMBER;22;Y;0;;;;NO;Chave estrangeira da tabela OCORRENCIA;FK_OCO_R_OCO_HOR_EXTRAS (FOREIGN KEY: ENABLED)
exabdp;SGT;OCORRENCIA_HORAS_EXTRAS;Tabela que contem os dados das Horas Extras da Ocorrencia;;N;1;SEQ_OCORRENCIA_HORAS_EXTRAS;NUMBER;22;N;0;;;;NO;Chave primaria da tabela SGT.OCORRENCIA_HORAS_EXTRAS;PK_OCORRENCIA_HORAS_EXTRAS (PRIMARY KEY: ENABLED)- SYS_C00258349 (C: ENABLED)
exabdp;SGT;OCORRENCIA_HORAS_EXTRAS;Tabela que contem os dados das Horas Extras da Ocorrencia;;N;6;TXT_IS_FERIADO_MUNICIPAL;VARCHAR2;20;Y;;;;;NO;; (: )
exabdp;SGT;OCORRENCIA_HOR_EXT_AUDITORIA;Tabela que contém os dados das Horas Extras da Ocorrência;;N;8;COD_REVISAO;NUMBER;22;Y;0;;;;NO;Código de revisão; (: )
exabdp;SGT;OCORRENCIA_HOR_EXT_AUDITORIA;Tabela que contém os dados das Horas Extras da Ocorrência;;N;6;DAT_DIA;DATE;7;Y;;;;;NO;Data da diária; (: )
exabdp;SGT;OCORRENCIA_HOR_EXT_AUDITORIA;Tabela que contém os dados das Horas Extras da Ocorrência;;N;9;DAT_INCLUSAO;DATE;7;Y;;;;;NO;Data de inclusão; (: )
exabdp;SGT;OCORRENCIA_HOR_EXT_AUDITORIA;Tabela que contém os dados das Horas Extras da Ocorrência;;N;5;HOR_FIM;VARCHAR2;5;Y;;;;;NO;Hora fim da Ocorrência; (: )
exabdp;SGT;OCORRENCIA_HOR_EXT_AUDITORIA;Tabela que contém os dados das Horas Extras da Ocorrência;;N;4;HOR_INICIO;VARCHAR2;5;Y;;;;;NO;Hora de início da Ocorrência; (: )
exabdp;SGT;OCORRENCIA_HOR_EXT_AUDITORIA;Tabela que contém os dados das Horas Extras da Ocorrência;;N;3;SEQ_OCORRENCIA;NUMBER;22;Y;0;;;;NO;Chave estrangeira da tabela SEQ_OCORRENCIA; (: )
exabdp;SGT;OCORRENCIA_HOR_EXT_AUDITORIA;Tabela que contém os dados das Horas Extras da Ocorrência;;N;2;SEQ_OCORRENCIA_HORAS_EXTRAS;NUMBER;22;N;0;;;;NO;Sequencia da tabela OCORRENCIA_HORAS_EXTRAS;SYS_C00258347 (C: ENABLED)
exabdp;SGT;OCORRENCIA_HOR_EXT_AUDITORIA;Tabela que contém os dados das Horas Extras da Ocorrência;;N;1;SEQ_REVISAO;NUMBER;22;N;0;;;;NO;Chave primária da Revisão da Tabela de Auditoria;PK_REVISAO_OCO_HOR_EXT_AUD (PRIMARY KEY: DISABLED)- SYS_C00258346 (C: ENABLED)
exabdp;SGT;OCORRENCIA_HOR_EXT_AUDITORIA;Tabela que contém os dados das Horas Extras da Ocorrência;;N;7;TXT_IS_FERIADO_MUNICIPAL;VARCHAR2;20;Y;;;;;NO;Descrição dos feriados municipais; (: )
exabdp;SGT;REVISAO_AUDITORIA;REVISAO AUDITORIA;;N;4;DAT_AUDITORIA;DATE;7;Y;;;;;NO;DATA DA AUDITORIA; (: )
exabdp;SGT;REVISAO_AUDITORIA;REVISAO AUDITORIA;;N;1;SEQ_REVISAO;NUMBER;22;N;0;;;;NO;SEQ_REVISAO;PK_REVISAO_AUDITORIA (PRIMARY KEY: ENABLED)- SYS_C00249356 (C: ENABLED)
exabdp;SGT;REVISAO_AUDITORIA;REVISAO AUDITORIA;;N;2;TIMESTAMP;NUMBER;22;Y;0;;;;NO;TIMESTAMP; (: )
exabdp;SGT;REVISAO_AUDITORIA;REVISAO AUDITORIA;;N;3;TXT_USUARIO;VARCHAR2;255;Y;;;;;NO;USUARIO; (: )
exabdp;SGT;TERCEIRO;Dados do terceirizado;;N;36;COD_CIDADE;NUMBER;22;Y;;;;;NO;; (: )
exabdp;SGT;TERCEIRO;Dados do terceirizado;;N;16;COD_EGRESSO;NUMBER;22;Y;0;;;;NO;Campo para informar se o terceiro é egresso (SIM ou NÃO); (: )
exabdp;SGT;TERCEIRO;Dados do terceirizado;;N;8;COD_ESCOLARIDADE;NUMBER;22;N;0;;;;NO;Código da Escolaridade;SYS_C00248628 (C: ENABLED)
exabdp;SGT;TERCEIRO;Dados do terceirizado;;N;37;COD_ESTADO;NUMBER;22;Y;;;;;NO;; (: )
exabdp;SGT;TERCEIRO;Dados do terceirizado;;N;10;COD_ESTADO_CIVIL;NUMBER;22;N;0;;;;NO;Código do estado civil;SYS_C00248630 (C: ENABLED)
exabdp;SGT;TERCEIRO;Dados do terceirizado;;N;9;COD_GENERO;NUMBER;22;N;0;;;;NO;Código do genero;SYS_C00248629 (C: ENABLED)
exabdp;SGT;TERCEIRO;Dados do terceirizado;;N;28;COD_MUNICIPIO;NUMBER;22;Y;0;;;;NO;; (: )
exabdp;SGT;TERCEIRO;Dados do terceirizado;;N;15;COD_ORGAO_LOCAL;NUMBER;22;Y;0;;;;NO;Armazena o código da tabela orgão local; (: )
exabdp;SGT;TERCEIRO;Dados do terceirizado;;N;32;COD_PARENTESCO;NUMBER;22;Y;0;;;;NO;; (: )
exabdp;SGT;TERCEIRO;Dados do terceirizado;;N;29;COD_UF;NUMBER;22;Y;0;;;;NO;; (: )
exabdp;SGT;TERCEIRO;Dados do terceirizado;;N;21;DAT_ADMISSAO;DATE;7;Y;;;;;NO;Data de Admissão; (: )
exabdp;SGT;TERCEIRO;Dados do terceirizado;;N;22;DAT_DEMISSAO;DATE;7;Y;;;;;NO;Data de Demissão; (: )
exabdp;SGT;TERCEIRO;Dados do terceirizado;;N;23;DAT_LOTACAO;DATE;7;Y;;;;;NO;Data de Lotação; (: )
exabdp;SGT;TERCEIRO;Dados do terceirizado;;N;6;DAT_NASCIMENTO;DATE;7;N;;;;;NO;Data de nascimento do terceiro;SYS_C00248626 (C: ENABLED)
exabdp;SGT;TERCEIRO;Dados do terceirizado;;N;38;DSC_BENEFICIARIO_INSS;VARCHAR2;100;Y;;;;;NO;Aposentado OU Não; (: )
exabdp;SGT;TERCEIRO;Dados do terceirizado;;N;33;DSC_CLASSIFICACAO_PARENTESCO;VARCHAR2;100;Y;;;;;NO;; (: )
exabdp;SGT;TERCEIRO;Dados do terceirizado;;N;14;DSC_NACIONALIDADE;VARCHAR2;50;Y;;;;;NO;Descrição da nacionalidade do terceiro; (: )
exabdp;SGT;TERCEIRO;Dados do terceirizado;;N;5;DSC_ORGAO_EXPEDIDOR_RG;VARCHAR2;10;N;;;;;NO;Descrição do Orgão Expedidor do Registro Geral;SYS_C00248625 (C: ENABLED)
exabdp;SGT;TERCEIRO;Dados do terceirizado;;N;34;DSC_UNIDADE_PARENTESCO;VARCHAR2;100;Y;;;;;NO;; (: )
exabdp;SGT;TERCEIRO;Dados do terceirizado;;N;11;NOM_CONJUGE;VARCHAR2;100;Y;;;;;NO;Nome do Conjuge; (: )
exabdp;SGT;TERCEIRO;Dados do terceirizado;;N;19;NOM_EMAIL;VARCHAR2;50;Y;;;;;NO;Nome do email do usuario; (: )
exabdp;SGT;TERCEIRO;Dados do terceirizado;;N;12;NOM_MAE;VARCHAR2;100;Y;;;;;NO;Nome da Mãe; (: )
exabdp;SGT;TERCEIRO;Dados do terceirizado;;N;13;NOM_PAI;VARCHAR2;100;Y;;;;;NO;Nome do pai; (: )
exabdp;SGT;TERCEIRO;Dados do terceirizado;;N;30;NOM_PARENTESCO;VARCHAR2;100;Y;;;;;NO;; (: )
exabdp;SGT;TERCEIRO;Dados do terceirizado;;N;2;NOM_TERCEIRO;VARCHAR2;100;N;;;;;NO;Nome do Terceiro;SYS_C00248622 (C: ENABLED)
exabdp;SGT;TERCEIRO;Dados do terceirizado;;N;31;NUM_ENDERECO;NUMBER;22;Y;0;;;;NO;; (: )
exabdp;SGT;TERCEIRO;Dados do terceirizado;;N;18;NUM_TELEFONE_CELULAR;VARCHAR2;12;Y;;;;;NO;Numero do telefone de celular; (: )
exabdp;SGT;TERCEIRO;Dados do terceirizado;;N;17;NUM_TELEFONE_RESIDENCIAL;VARCHAR2;12;Y;;;;;NO;Número do telefone residencial; (: )
exabdp;SGT;TERCEIRO;Dados do terceirizado;;N;1;SEQ_TERCEIRO;NUMBER;22;N;0;;;;NO;Sequencial do Terceiro;PK_TERCEIRO (PRIMARY KEY: ENABLED)- SYS_C00248621 (C: ENABLED)
exabdp;SGT;TERCEIRO;Dados do terceirizado;;N;35;STA_BENEFICIARIO_INSS;VARCHAR2;100;Y;;;;;NO;; (: )
exabdp;SGT;TERCEIRO;Dados do terceirizado;;N;24;STA_TERCEIRO;NUMBER;22;Y;0;;;;NO;Situação do Terceirizado: 1 - ATIVO, 2 - DESLIGADO, 3 - FERIAS, 4 - LICENCA; (: )
exabdp;SGT;TERCEIRO;Dados do terceirizado;;N;26;TXT_BAIRRO;VARCHAR2;100;Y;;;;;NO;; (: )
exabdp;SGT;TERCEIRO;Dados do terceirizado;;N;27;TXT_CEP;VARCHAR2;8;Y;;;;;NO;; (: )
exabdp;SGT;TERCEIRO;Dados do terceirizado;;N;25;TXT_COMPLEMENTO_ENDERECO;VARCHAR2;100;Y;;;;;NO;; (: )
exabdp;SGT;TERCEIRO;Dados do terceirizado;;N;3;TXT_CPF;VARCHAR2;14;N;;;;;NO;Número do CPF;SYS_C00248623 (C: ENABLED)
exabdp;SGT;TERCEIRO;Dados do terceirizado;;N;20;TXT_ENDERECO;VARCHAR2;500;Y;;;;;NO;Endereço do usuário; (: )
exabdp;SGT;TERCEIRO;Dados do terceirizado;;N;7;TXT_PIS;VARCHAR2;14;N;;;;;NO;Número do PIS;SYS_C00248627 (C: ENABLED)
exabdp;SGT;TERCEIRO;Dados do terceirizado;;N;4;TXT_RG;VARCHAR2;14;N;;;;;NO;Número do Registo Geral;SYS_C00248624 (C: ENABLED)
exabdp;SGT;TERCEIRO_AUDITORIA;Tabela Terceiro Auditoria;;N;39;COD_CIDADE;NUMBER;22;Y;;;;;NO;; (: )
exabdp;SGT;TERCEIRO_AUDITORIA;Tabela Terceiro Auditoria;;N;4;COD_EGRESSO;NUMBER;22;Y;0;;;;NO;código do egresso; (: )
exabdp;SGT;TERCEIRO_AUDITORIA;Tabela Terceiro Auditoria;;N;5;COD_ESCOLARIDADE;NUMBER;22;Y;0;;;;NO;códifo da escolaridade; (: )
exabdp;SGT;TERCEIRO_AUDITORIA;Tabela Terceiro Auditoria;;N;40;COD_ESTADO;NUMBER;22;Y;;;;;NO;; (: )
exabdp;SGT;TERCEIRO_AUDITORIA;Tabela Terceiro Auditoria;;N;6;COD_ESTADO_CIVIL;NUMBER;22;Y;0;;;;NO;código do estado civil; (: )
exabdp;SGT;TERCEIRO_AUDITORIA;Tabela Terceiro Auditoria;;N;7;COD_GENERO;NUMBER;22;Y;0;;;;NO;CODIGO DO GENERO; (: )
exabdp;SGT;TERCEIRO_AUDITORIA;Tabela Terceiro Auditoria;;N;30;COD_MUNICIPIO;NUMBER;22;Y;0;;;;NO;; (: )
exabdp;SGT;TERCEIRO_AUDITORIA;Tabela Terceiro Auditoria;;N;8;COD_ORGAO_LOCAL;NUMBER;22;Y;0;;;;NO;CÓDIGO DO ORGAO_LOCAL; (: )
exabdp;SGT;TERCEIRO_AUDITORIA;Tabela Terceiro Auditoria;;N;34;COD_PARENTESCO;NUMBER;22;Y;0;;;;NO;; (: )
exabdp;SGT;TERCEIRO_AUDITORIA;Tabela Terceiro Auditoria;;N;3;COD_REVISAO;NUMBER;22;Y;0;;;;NO;REVTYPE; (: )
exabdp;SGT;TERCEIRO_AUDITORIA;Tabela Terceiro Auditoria;;N;31;COD_UF;NUMBER;22;Y;0;;;;NO;; (: )
exabdp;SGT;TERCEIRO_AUDITORIA;Tabela Terceiro Auditoria;;N;25;DAT_ADMISSAO;DATE;7;Y;;;;;NO;Data de Admissão; (: )
exabdp;SGT;TERCEIRO_AUDITORIA;Tabela Terceiro Auditoria;;N;24;DAT_DEMISSAO;DATE;7;Y;;;;;NO;Data de Demissão; (: )
exabdp;SGT;TERCEIRO_AUDITORIA;Tabela Terceiro Auditoria;;N;23;DAT_LOTACAO;DATE;7;Y;;;;;NO;Data de Lotação; (: )
exabdp;SGT;TERCEIRO_AUDITORIA;Tabela Terceiro Auditoria;;N;9;DAT_NASCIMENTO;DATE;7;Y;;;;;NO;DATA DE NASCIMENTO  ; (: )
exabdp;SGT;TERCEIRO_AUDITORIA;Tabela Terceiro Auditoria;;N;37;DSC_BENEFICIARIO_INSS;VARCHAR2;100;Y;;;;;NO;Aposentado OU Não; (: )
exabdp;SGT;TERCEIRO_AUDITORIA;Tabela Terceiro Auditoria;;N;35;DSC_CLASSIFICACAO_PARENTESCO;VARCHAR2;100;Y;;;;;NO;; (: )
exabdp;SGT;TERCEIRO_AUDITORIA;Tabela Terceiro Auditoria;;N;10;DSC_NACIONALIDADE;VARCHAR2;50;Y;;;;;NO;NACIONALIDADE   ; (: )
exabdp;SGT;TERCEIRO_AUDITORIA;Tabela Terceiro Auditoria;;N;11;DSC_ORGAO_EXPEDIDOR_RG;VARCHAR2;10;Y;;;;;NO;ORGAO EXPEDIDOR RG; (: )
exabdp;SGT;TERCEIRO_AUDITORIA;Tabela Terceiro Auditoria;;N;36;DSC_UNIDADE_PARENTESCO;VARCHAR2;100;Y;;;;;NO;; (: )
exabdp;SGT;TERCEIRO_AUDITORIA;Tabela Terceiro Auditoria;;N;13;NOM_CONJUGE;VARCHAR2;100;Y;;;;;NO;NOME DO CONJUGE; (: )
exabdp;SGT;TERCEIRO_AUDITORIA;Tabela Terceiro Auditoria;;N;14;NOM_EMAIL;VARCHAR2;50;Y;;;;;NO;EMAIL; (: )
exabdp;SGT;TERCEIRO_AUDITORIA;Tabela Terceiro Auditoria;;N;15;NOM_MAE;VARCHAR2;100;Y;;;;;NO;NOME DA MÃE; (: )
exabdp;SGT;TERCEIRO_AUDITORIA;Tabela Terceiro Auditoria;;N;16;NOM_PAI;VARCHAR2;100;Y;;;;;NO;NOME DO PAI; (: )
exabdp;SGT;TERCEIRO_AUDITORIA;Tabela Terceiro Auditoria;;N;32;NOM_PARENTESCO;VARCHAR2;100;Y;;;;;NO;; (: )
exabdp;SGT;TERCEIRO_AUDITORIA;Tabela Terceiro Auditoria;;N;12;NOM_TERCEIRO;VARCHAR2;100;Y;;;;;NO;NOME TERCEIRO; (: )
exabdp;SGT;TERCEIRO_AUDITORIA;Tabela Terceiro Auditoria;;N;33;NUM_ENDERECO;NUMBER;22;Y;0;;;;NO;; (: )
exabdp;SGT;TERCEIRO_AUDITORIA;Tabela Terceiro Auditoria;;N;17;NUM_TELEFONE_CELULAR;VARCHAR2;12;Y;;;;;NO;NUMERO DO TELEFONE CELULAR; (: )
exabdp;SGT;TERCEIRO_AUDITORIA;Tabela Terceiro Auditoria;;N;18;NUM_TELEFONE_RESIDENCIAL;VARCHAR2;12;Y;;;;;NO;NUMERO DO TELEFONE RESIDENCIAL; (: )
exabdp;SGT;TERCEIRO_AUDITORIA;Tabela Terceiro Auditoria;;N;2;SEQ_REVISAO;NUMBER;22;N;0;;;;NO;REV;PK_TERCEIRO_AUDITORIA (PRIMARY KEY: ENABLED)- SYS_C00249342 (C: ENABLED)
exabdp;SGT;TERCEIRO_AUDITORIA;Tabela Terceiro Auditoria;;N;1;SEQ_TERCEIRO;NUMBER;22;Y;0;;;;NO;SEQ_TERCEIRO; (: )
exabdp;SGT;TERCEIRO_AUDITORIA;Tabela Terceiro Auditoria;;N;38;STA_BENEFICIARIO_INSS;VARCHAR2;100;Y;;;;;NO;; (: )
exabdp;SGT;TERCEIRO_AUDITORIA;Tabela Terceiro Auditoria;;N;26;STA_TERCEIRO;NUMBER;22;Y;0;;;;NO;Situação do Terceirizado: 1 - ATIVO, 2 - DESLIGADO, 3 - FERIAS, 4 - LICENCA; (: )
exabdp;SGT;TERCEIRO_AUDITORIA;Tabela Terceiro Auditoria;;N;28;TXT_BAIRRO;VARCHAR2;100;Y;;;;;NO;; (: )
exabdp;SGT;TERCEIRO_AUDITORIA;Tabela Terceiro Auditoria;;N;29;TXT_CEP;VARCHAR2;8;Y;;;;;NO;; (: )
exabdp;SGT;TERCEIRO_AUDITORIA;Tabela Terceiro Auditoria;;N;27;TXT_COMPLEMENTO_ENDERECO;VARCHAR2;100;Y;;;;;NO;; (: )
exabdp;SGT;TERCEIRO_AUDITORIA;Tabela Terceiro Auditoria;;N;19;TXT_CPF;VARCHAR2;14;Y;;;;;NO;CPF; (: )
exabdp;SGT;TERCEIRO_AUDITORIA;Tabela Terceiro Auditoria;;N;20;TXT_ENDERECO;VARCHAR2;255;Y;;;;;NO;ENDEREÇO; (: )
exabdp;SGT;TERCEIRO_AUDITORIA;Tabela Terceiro Auditoria;;N;21;TXT_PIS;VARCHAR2;14;Y;;;;;NO;PIS; (: )
exabdp;SGT;TERCEIRO_AUDITORIA;Tabela Terceiro Auditoria;;N;22;TXT_RG;VARCHAR2;14;Y;;;;;NO;NUMERO REGISTRO GERAL; (: )
exabdp;SGT;TERCEIRO_CONTRATO;Tabela associativa (muitos para muitos) de Terceiros e Contrato;;N;2;SEQ_CONTRATO;NUMBER;22;N;0;;;;NO;Sequencial do Contrato;FK_CON_R_TER_CON (FOREIGN KEY: ENABLED)- SYS_C00248636 (C: ENABLED)
exabdp;SGT;TERCEIRO_CONTRATO;Tabela associativa (muitos para muitos) de Terceiros e Contrato;;N;1;SEQ_TERCEIRO;NUMBER;22;N;0;;;;NO;Sequencial do Terceiro;FK_TER_R_TER_CON (FOREIGN KEY: ENABLED)- SYS_C00248635 (C: ENABLED)
exabdp;SGT;TERCEIRO_CONTRATO_AUD;Tabela de auditoria da tabela: TERCEIRO_CONTRATO;;N;3;COD_REVISAO;NUMBER;22;Y;0;;;;NO;Coluna que mantem o relacionamento com a tebela revisão de auditoria; (: )
exabdp;SGT;TERCEIRO_CONTRATO_AUD;Tabela de auditoria da tabela: TERCEIRO_CONTRATO;;N;2;SEQ_CONTRATO;NUMBER;22;Y;0;;;;NO;Coluna que mantem o relacionamento com a tebela Contrato; (: )
exabdp;SGT;TERCEIRO_CONTRATO_AUD;Tabela de auditoria da tabela: TERCEIRO_CONTRATO;;N;4;SEQ_REVISAO;NUMBER;22;Y;0;;;;NO;Coluna que mantem o relacionamento com a tebela revisão de auditoria;PK_TERCEIRO_CONTRATO_AUD (PRIMARY KEY: DISABLED)
exabdp;SGT;TERCEIRO_CONTRATO_AUD;Tabela de auditoria da tabela: TERCEIRO_CONTRATO;;N;1;SEQ_TERCEIRO;NUMBER;22;Y;0;;;;NO;Coluna que mantem o relacionamento com a tebela Terceiro; (: )
exabdp;SGT;TERCEIRO_CURSO_SUPERIOR;Tabela associativa (muitos para muitos) de Terceiros e Cursos Superiores;;N;2;SEQ_CURSO_SUPERIOR;NUMBER;22;Y;0;;;;NO;Sequencial do Curso Superior;FK_CUR_SUP_R_TER_CUR_SUP (FOREIGN KEY: ENABLED)
exabdp;SGT;TERCEIRO_CURSO_SUPERIOR;Tabela associativa (muitos para muitos) de Terceiros e Cursos Superiores;;N;1;SEQ_TERCEIRO;NUMBER;22;Y;0;;;;NO;Sequencial do Terceiro;FK_TER_R_TER_CUR_SUP (FOREIGN KEY: ENABLED)
exabdp;SGT;TRIBUTO_MUNICIPIO;SGT.TRIBUTO_MUNICIPIO;;N;2;COD_MUNICIPIO;NUMBER;22;Y;0;;;;NO;Codigo do municipio; (: )
exabdp;SGT;TRIBUTO_MUNICIPIO;SGT.TRIBUTO_MUNICIPIO;;N;5;COD_UF;NUMBER;22;Y;0;;;;NO;; (: )
exabdp;SGT;TRIBUTO_MUNICIPIO;SGT.TRIBUTO_MUNICIPIO;;N;4;DSC_MACRORREGIAO;VARCHAR2;38;Y;;;;;NO;Descrição Macrorregião; (: )
exabdp;SGT;TRIBUTO_MUNICIPIO;SGT.TRIBUTO_MUNICIPIO;;N;6;SEQ_MACRORREGIAO;NUMBER;22;Y;0;;;;NO;Chave estrangeira;FK_MAC_R_TRI (FOREIGN KEY: ENABLED)
exabdp;SGT;TRIBUTO_MUNICIPIO;SGT.TRIBUTO_MUNICIPIO;;N;1;SEQ_TRIBUTO_MUNICIPIO;NUMBER;22;N;0;;;;NO;Sequence tributo de municipio;PK_TRIBUTO_MUNICIPIO (PRIMARY KEY: ENABLED)- SYS_C00258356 (C: ENABLED)
exabdp;SGT;TRIBUTO_MUNICIPIO;SGT.TRIBUTO_MUNICIPIO;;N;3;VLR_ALIQUOTA;NUMBER;22;Y;2;;;;NO;Aliquota; (: )
exabdp;SGT;TRIBUTO_MUNICIPIO_AUDITORIA;SGT.TRIBUTO_MUNICIPIO_AUDITORIA;;N;2;COD_MUNICIPIO;NUMBER;22;Y;0;;;;NO;Codigo do municipio; (: )
exabdp;SGT;TRIBUTO_MUNICIPIO_AUDITORIA;SGT.TRIBUTO_MUNICIPIO_AUDITORIA;;N;5;COD_REVISAO;NUMBER;22;Y;0;;;;NO;Codigo de revisão; (: )
exabdp;SGT;TRIBUTO_MUNICIPIO_AUDITORIA;SGT.TRIBUTO_MUNICIPIO_AUDITORIA;;N;6;COD_UF;NUMBER;22;Y;0;;;;NO;; (: )
exabdp;SGT;TRIBUTO_MUNICIPIO_AUDITORIA;SGT.TRIBUTO_MUNICIPIO_AUDITORIA;;N;8;DSC_MACRORREGIAO;VARCHAR2;100;Y;;;;;NO;Descrição Macrorregião; (: )
exabdp;SGT;TRIBUTO_MUNICIPIO_AUDITORIA;SGT.TRIBUTO_MUNICIPIO_AUDITORIA;;N;7;SEQ_MACRORREGIAO;NUMBER;22;Y;0;;;;NO;Chave estrangeira; (: )
exabdp;SGT;TRIBUTO_MUNICIPIO_AUDITORIA;SGT.TRIBUTO_MUNICIPIO_AUDITORIA;;N;4;SEQ_REVISAO;NUMBER;22;N;0;;;;NO;Sequence revisão;PK_TRIBUTO_MUNICIPIO_AUDITORIA (PRIMARY KEY: DISABLED)- SYS_C00259088 (C: ENABLED)
exabdp;SGT;TRIBUTO_MUNICIPIO_AUDITORIA;SGT.TRIBUTO_MUNICIPIO_AUDITORIA;;N;1;SEQ_TRIBUTO_MUNICIPIO;NUMBER;22;Y;0;;;;NO;Sequence tributo de municipio; (: )
exabdp;SGT;TRIBUTO_MUNICIPIO_AUDITORIA;SGT.TRIBUTO_MUNICIPIO_AUDITORIA;;N;3;VLR_ALIQUOTA;NUMBER;22;Y;2;;;;NO;Aliquota; (: )
